<?xml version="1.0"?>
<!--
/**
* Copyright 2018 aheadWorks. All rights reserved. 
*  See LICENSE.txt for license details.
*/
-->

<config xmlns:xsi="http://www.w3.org/2001/XMLSchema-instance" xsi:noNamespaceSchemaLocation="urn:magento:framework:ObjectManager/etc/config.xsd">
    <preference for="Aheadworks\ShopByBrand\Api\Data\BrandInterface" type="Aheadworks\ShopByBrand\Model\Brand" />
    <preference for="Aheadworks\ShopByBrand\Api\Data\BrandContentInterface" type="Aheadworks\ShopByBrand\Model\Brand\Content" />
    <preference for="Aheadworks\ShopByBrand\Api\Data\BrandAdditionalProductsInterface" type="Aheadworks\ShopByBrand\Model\Brand\AdditionalProducts" />
    <preference for="Aheadworks\ShopByBrand\Api\Data\BrandSearchResultsInterface" type="Magento\Framework\Api\SearchResults" />
    <preference for="Aheadworks\ShopByBrand\Api\BrandRepositoryInterface" type="Aheadworks\ShopByBrand\Model\ResourceModel\BrandRepository" />

    <type name="Magento\Framework\EntityManager\MetadataPool">
        <arguments>
            <argument name="metadata" xsi:type="array">
                <item name="Aheadworks\ShopByBrand\Api\Data\BrandInterface" xsi:type="array">
                    <item name="entityTableName" xsi:type="string">aw_sbb_brand</item>
                    <item name="identifierField" xsi:type="string">brand_id</item>
                </item>
            </argument>
        </arguments>
    </type>
    <type name="Magento\Framework\EntityManager\Operation\ExtensionPool">
        <arguments>
            <argument name="extensionActions" xsi:type="array">
                <item name="Aheadworks\ShopByBrand\Api\Data\BrandInterface" xsi:type="array">
                    <item name="read" xsi:type="array">
                        <item name="contentReader" xsi:type="string">Aheadworks\ShopByBrand\Model\Brand\Content\ReadHandler</item>
                        <item name="websiteReader" xsi:type="string">Aheadworks\ShopByBrand\Model\Brand\Website\ReadHandler</item>
                        <item name="attributeCodeReader" xsi:type="string">Aheadworks\ShopByBrand\Model\Brand\AttributeCode\ReadHandler</item>
                        <item name="nameReader" xsi:type="string">Aheadworks\ShopByBrand\Model\Brand\Name\ReadHandler</item>
                    </item>
                    <item name="create" xsi:type="array">
                        <item name="contentCreator" xsi:type="string">Aheadworks\ShopByBrand\Model\Brand\Content\SaveHandler</item>
                        <item name="websiteCreator" xsi:type="string">Aheadworks\ShopByBrand\Model\Brand\Website\SaveHandler</item>
                    </item>
                    <item name="update" xsi:type="array">
                        <item name="contentUpdater" xsi:type="string">Aheadworks\ShopByBrand\Model\Brand\Content\SaveHandler</item>
                        <item name="websiteUpdater" xsi:type="string">Aheadworks\ShopByBrand\Model\Brand\Website\SaveHandler</item>
                        <item name="productsUpdater" xsi:type="string">Aheadworks\ShopByBrand\Model\Brand\Product\SaveHandler</item>
                    </item>
                </item>
            </argument>
        </arguments>
    </type>

    <type name="Magento\Framework\View\Element\UiComponent\DataProvider\CollectionFactory">
        <arguments>
            <argument name="collections" xsi:type="array">
                <item name="aw_sbb_brand_listing_data_source" xsi:type="string">Aheadworks\ShopByBrand\Model\ResourceModel\Brand\Grid\Collection</item>
            </argument>
        </arguments>
    </type>
    <type name="Aheadworks\ShopByBrand\Model\ResourceModel\Brand\Grid\Collection">
        <arguments>
            <argument name="mainTable" xsi:type="string">aw_sbb_brand</argument>
            <argument name="eventPrefix" xsi:type="string">aw_sbb_brand_grid_collection</argument>
            <argument name="eventObject" xsi:type="string">brand_grid_collection</argument>
            <argument name="resourceModel" xsi:type="string">Aheadworks\ShopByBrand\Model\ResourceModel\Brand</argument>
        </arguments>
    </type>
    <virtualType name="AwSbbBrandGridFilterPool" type="Magento\Framework\View\Element\UiComponent\DataProvider\FilterPool">
        <arguments>
            <argument name="appliers" xsi:type="array">
                <item name="regular" xsi:type="object">Magento\Framework\View\Element\UiComponent\DataProvider\RegularFilter</item>
                <item name="fulltext" xsi:type="object">Magento\Framework\View\Element\UiComponent\DataProvider\FulltextFilter</item>
            </argument>
        </arguments>
    </virtualType>
    <virtualType name="AwSbbBrandGridDataProvider" type="Magento\Framework\View\Element\UiComponent\DataProvider\DataProvider">
        <arguments>
            <argument name="collection" xsi:type="object" shared="false">Aheadworks\ShopByBrand\Model\ResourceModel\Brand\Collection</argument>
            <argument name="filterPool" xsi:type="object" shared="false">AwSbbBrandGridFilterPool</argument>
        </arguments>
    </virtualType>

    <type name="Aheadworks\ShopByBrand\Model\Brand\CompositeValidator">
        <arguments>
            <argument name="validators" xsi:type="array">
                <item name="default" xsi:type="object">Aheadworks\ShopByBrand\Model\Brand\Validator\DefaultValidator</item>
                <item name="attribute" xsi:type="object">Aheadworks\ShopByBrand\Model\Brand\Validator\Attribute</item>
                <item name="urlKey" xsi:type="object">Aheadworks\ShopByBrand\Model\Brand\Validator\UrlKey</item>
                <item name="content" xsi:type="object">Aheadworks\ShopByBrand\Model\Brand\Validator\Content</item>
            </argument>
        </arguments>
    </type>
    <virtualType name="Aheadworks\ShopByBrand\ImageUploader" type="Magento\Catalog\Model\ImageUploader">
        <arguments>
            <argument name="baseTmpPath" xsi:type="string">aw_sbb/tmp/brand</argument>
            <argument name="basePath" xsi:type="string">aw_sbb/brand</argument>
            <argument name="allowedExtensions" xsi:type="array">
                <item name="jpg" xsi:type="string">jpg</item>
                <item name="jpeg" xsi:type="string">jpeg</item>
                <item name="gif" xsi:type="string">gif</item>
                <item name="png" xsi:type="string">png</item>
            </argument>
        </arguments>
    </virtualType>
    <type name="Aheadworks\ShopByBrand\Model\Brand">
        <arguments>
            <argument name="imageUploader" xsi:type="object">Aheadworks\ShopByBrand\ImageUploader</argument>
        </arguments>
    </type>
    <type name="Aheadworks\ShopByBrand\Model\Brand\FileInfo">
        <arguments>
            <argument name="imageUploader" xsi:type="object">Aheadworks\ShopByBrand\ImageUploader</argument>
        </arguments>
    </type>
    <virtualType name="Aheadworks\ShopByBrand\Model\Layer\Context" type="Magento\Catalog\Model\Layer\Context">
        <arguments>
            <argument name="collectionProvider" xsi:type="object">Aheadworks\ShopByBrand\Model\Layer\ItemCollectionProvider</argument>
            <argument name="stateKey" xsi:type="object">Magento\Catalog\Model\Layer\Category\StateKey</argument>
            <argument name="collectionFilter" xsi:type="object">Aheadworks\ShopByBrand\Model\Layer\CollectionFilter</argument>
        </arguments>
    </virtualType>
    <type name="Aheadworks\ShopByBrand\Model\Layer\ItemCollectionProvider">
        <arguments>
            <argument name="collectionFactory" xsi:type="object">Magento\CatalogSearch\Model\ResourceModel\Fulltext\CollectionFactory</argument>
        </arguments>
    </type>
    <virtualType name="brandFilterList" type="Magento\Catalog\Model\Layer\FilterList">
        <arguments>
            <argument name="filters" xsi:type="array">
                <item name="attribute" xsi:type="string">Magento\CatalogSearch\Model\Layer\Filter\Attribute</item>
                <item name="price" xsi:type="string">Magento\CatalogSearch\Model\Layer\Filter\Price</item>
                <item name="decimal" xsi:type="string">Magento\CatalogSearch\Model\Layer\Filter\Decimal</item>
                <item name="category" xsi:type="string">Magento\CatalogSearch\Model\Layer\Filter\Category</item>
            </argument>
            <argument name="filterableAttributes" xsi:type="object">Aheadworks\ShopByBrand\Model\Layer\FilterableAttributeList</argument>
        </arguments>
    </virtualType>
    <virtualType name="Aheadworks\ShopByBrand\Model\Layer" type="Magento\Catalog\Model\Layer">
        <arguments>
            <argument name="context" xsi:type="object">Aheadworks\ShopByBrand\Model\Layer\Context</argument>
        </arguments>
    </virtualType>
    <type name="Magento\Catalog\Model\Layer\Resolver">
        <arguments>
            <argument name="layersPool" xsi:type="array">
                <item name="aw_brand" xsi:type="string">Aheadworks\ShopByBrand\Model\Layer</item>
            </argument>
        </arguments>
    </type>
    <type name="Aheadworks\ShopByBrand\Model\Template\FilterProvider">
        <arguments>
            <argument name="filterClassName" xsi:type="string">Magento\Widget\Model\Template\Filter</argument>
        </arguments>
    </type>
    <type name="Aheadworks\ShopByBrand\Model\Brand\Image\Management">
        <arguments>
            <argument name="imageTypes" xsi:type="array">
                <item name="thumbnail" xsi:type="array">
                    <item name="path" xsi:type="string">aw_sbb/thumbnail/brand</item>
                    <item name="placeholderPath" xsi:type="string">Magento_Catalog::images/product/placeholder/thumbnail.jpg</item>
                    <item name="imageSize" xsi:type="number">75</item>
                </item>
                <item name="small_image" xsi:type="array">
                    <item name="path" xsi:type="string">aw_sbb/small_image/brand</item>
                    <item name="placeholderPath" xsi:type="string">Magento_Catalog::images/product/placeholder/small_image.jpg</item>
                    <item name="imageSize" xsi:type="number">95</item>
                </item>
            </argument>
        </arguments>
    </type>
    <preference for="Magento\Sitemap\Model\Sitemap" type="Aheadworks\ShopByBrand\Model\Sitemap" />

    <type name="Magento\CatalogSearch\Model\Adapter\Aggregation\Checker\Query\CatalogView">
        <plugin name="sbb_brand_page_checker" type="Aheadworks\ShopByBrand\Model\Plugin\CatalogViewPlugin" />
    </type>
</config>
